Ticker,Entry Time,Exit Time,Side,Entry Price,Exit Price,PNL,Exit Reason
MUTHOOTFIN,2025-08-14 09:25:00,2025-08-14 13:39:00,LONG,2760.8,2746.8,-504.0,Stop Loss
INFY,2025-08-14 09:25:00,2025-08-14 11:42:00,LONG,1449.6,1458.8,625.6,Trailing Stop
INFY,2025-08-14 11:43:00,2025-08-14 12:17:00,LONG,1459.6,1452.3,-496.4,Stop Loss
VMM,2025-08-14 09:25:00,2025-08-14 09:28:00,LONG,149.28,148.25,-689.07,Stop Loss
VMM,2025-08-14 09:29:00,2025-08-14 09:35:00,LONG,148.24,147.06,-795.32,Stop Loss
VMM,2025-08-14 09:36:00,2025-08-14 09:47:00,LONG,147.17,146.36,-549.99,Stop Loss
VMM,2025-08-14 09:48:00,2025-08-14 09:48:00,LONG,146.31,145.4,-621.53,Stop Loss
VMM,2025-08-14 09:49:00,2025-08-14 09:51:00,LONG,145.7,144.52,-809.48,Stop Loss
VMM,2025-08-14 09:52:00,2025-08-14 11:49:00,LONG,145.2,146.0,550.4,Trailing Stop
VMM,2025-08-14 12:05:00,2025-08-14 12:20:00,LONG,146.95,148.18,836.4,Trailing Stop
VMM,2025-08-14 12:21:00,2025-08-14 12:25:00,LONG,148.18,147.21,-653.78,Stop Loss
VMM,2025-08-14 12:26:00,2025-08-14 12:49:00,LONG,147.23,146.35,-597.52,Stop Loss
NAUKRI,2025-08-14 09:25:00,2025-08-14 09:34:00,LONG,1359.7,1350.1,-700.8,Stop Loss
NAUKRI,2025-08-14 09:35:00,2025-08-14 11:34:00,LONG,1350.0,1362.5,925.0,Trailing Stop
NAUKRI,2025-08-14 12:45:00,2025-08-14 15:29:00,LONG,1367.6,1368.9,94.9,End of Day
HBLENGINE,2025-08-14 09:25:00,2025-08-14 10:43:00,LONG,744.95,760.4,2070.3,Target Hit
HBLENGINE,2025-08-14 10:44:00,2025-08-14 11:37:00,LONG,760.45,768.25,1021.8,Trailing Stop
HBLENGINE,2025-08-14 11:38:00,2025-08-14 11:38:00,LONG,768.5,762.4,-793.0,Stop Loss
HBLENGINE,2025-08-14 11:39:00,2025-08-14 12:01:00,LONG,764.85,784.4,2541.5,Target Hit
HBLENGINE,2025-08-14 12:02:00,2025-08-14 12:13:00,LONG,785.4,781.0,-558.8,Stop Loss
HBLENGINE,2025-08-14 12:14:00,2025-08-14 12:37:00,LONG,781.85,774.8,-895.35,Stop Loss
HBLENGINE,2025-08-14 12:38:00,2025-08-14 12:45:00,LONG,774.8,767.15,-986.85,Stop Loss
HBLENGINE,2025-08-14 12:46:00,2025-08-14 13:05:00,LONG,767.9,763.5,-572.0,Stop Loss
BSE,2025-08-14 09:25:00,2025-08-14 09:34:00,LONG,2509.0,2490.7,-713.7,Stop Loss
BSE,2025-08-14 09:35:00,2025-08-14 09:50:00,LONG,2491.3,2476.1,-608.0,Stop Loss
BSE,2025-08-14 09:51:00,2025-08-14 10:02:00,LONG,2479.8,2467.0,-512.0,Stop Loss
BSE,2025-08-14 10:03:00,2025-08-14 15:29:00,LONG,2467.5,2479.8,492.0,End of Day
HDFCBANK,2025-08-14 09:28:00,2025-08-14 15:29:00,LONG,1988.2,1989.2,50.0,End of Day
JUBLFOOD,2025-08-14 09:25:00,2025-08-14 09:29:00,LONG,660.95,656.75,-634.2,Stop Loss
JUBLFOOD,2025-08-14 09:30:00,2025-08-14 09:31:00,LONG,658.8,653.65,-777.65,Stop Loss
JUBLFOOD,2025-08-14 09:32:00,2025-08-14 09:40:00,LONG,653.8,650.5,-501.6,Stop Loss
JUBLFOOD,2025-08-14 09:41:00,2025-08-14 09:48:00,LONG,650.45,647.15,-504.9,Stop Loss
JUBLFOOD,2025-08-14 09:49:00,2025-08-14 09:52:00,LONG,647.55,644.3,-500.5,Stop Loss
JUBLFOOD,2025-08-14 09:53:00,2025-08-14 09:59:00,LONG,644.55,640.9,-565.75,Stop Loss
MARUTI,2025-08-18 09:25:00,2025-08-18 11:41:00,LONG,13776.0,14080.0,2128.0,Target Hit
MARUTI,2025-08-18 11:42:00,2025-08-18 12:12:00,LONG,14109.0,14032.0,-539.0,Stop Loss
MARUTI,2025-08-18 12:13:00,2025-08-18 15:29:00,LONG,14032.0,14090.0,406.0,End of Day
HEROMOTOCO,2025-08-18 09:25:00,2025-08-18 09:59:00,LONG,5043.0,5071.1,533.9,Trailing Stop
HEROMOTOCO,2025-08-18 10:00:00,2025-08-18 10:25:00,LONG,5075.0,5046.8,-535.8,Stop Loss
HEROMOTOCO,2025-08-18 10:26:00,2025-08-18 10:34:00,LONG,5048.0,5022.7,-480.7,Stop Loss
HEROMOTOCO,2025-08-18 10:35:00,2025-08-18 10:44:00,LONG,5030.0,4999.9,-571.9,Stop Loss
HEROMOTOCO,2025-08-18 10:45:00,2025-08-18 15:29:00,LONG,5001.0,4990.0,-209.0,End of Day
ETERNAL,2025-08-18 09:25:00,2025-08-18 09:43:00,LONG,321.5,319.8,-528.7,Stop Loss
VOLTAS,2025-08-18 09:25:00,2025-08-18 09:35:00,LONG,1361.0,1353.6,-540.2,Stop Loss
VOLTAS,2025-08-18 09:36:00,2025-08-18 11:23:00,LONG,1354.2,1366.8,919.8,Trailing Stop
VOLTAS,2025-08-18 11:24:00,2025-08-18 13:25:00,LONG,1366.8,1359.6,-525.6,Stop Loss
M&M,2025-08-18 09:25:00,2025-08-18 15:21:00,LONG,3391.7,3374.3,-504.6,Stop Loss
BAJFINANCE,2025-08-18 09:25:00,2025-08-18 09:51:00,LONG,901.5,910.3,968.0,Trailing Stop
BAJFINANCE,2025-08-18 09:52:00,2025-08-18 15:00:00,LONG,910.9,906.0,-534.1,Stop Loss
AMBER,2025-08-18 09:25:00,2025-08-18 09:45:00,LONG,7344.0,7494.5,1956.5,Target Hit
AMBER,2025-08-18 09:46:00,2025-08-18 09:53:00,LONG,7495.0,7457.5,-487.5,Stop Loss
AMBER,2025-08-18 09:54:00,2025-08-18 10:01:00,LONG,7462.0,7415.0,-611.0,Stop Loss
AMBER,2025-08-18 10:02:00,2025-08-18 10:11:00,LONG,7434.0,7379.0,-715.0,Stop Loss
AMBER,2025-08-18 10:12:00,2025-08-18 12:49:00,LONG,7390.0,7427.0,481.0,Trailing Stop
BAJAJ-AUTO,2025-08-18 09:25:00,2025-08-18 10:54:00,LONG,8579.5,8533.0,-511.5,Stop Loss
BAJAJ-AUTO,2025-08-18 10:55:00,2025-08-18 11:59:00,LONG,8541.5,8497.5,-484.0,Stop Loss
BAJAJ-AUTO,2025-08-18 13:25:00,2025-08-18 15:29:00,LONG,8580.0,8592.0,132.0,End of Day
HDFCBANK,2025-08-18 09:25:00,2025-08-18 10:55:00,LONG,2018.9,2008.7,-499.8,Stop Loss
HDFCBANK,2025-08-18 14:35:00,2025-08-18 15:29:00,LONG,2005.2,2005.0,-9.8,End of Day
RELIANCE,2025-08-19 09:25:00,2025-08-19 15:29:00,LONG,1409.1,1421.0,833.0,End of Day
BHARTIARTL,2025-08-19 09:25:00,2025-08-19 09:54:00,LONG,1931.1,1920.9,-520.2,Stop Loss
BHARTIARTL,2025-08-19 09:55:00,2025-08-19 13:21:00,LONG,1921.0,1911.0,-520.0,Stop Loss
OLAELEC,2025-08-19 09:25:00,2025-08-19 09:34:00,LONG,43.4,44.32,2119.68,Target Hit
OLAELEC,2025-08-19 09:35:00,2025-08-19 09:36:00,LONG,44.4,43.88,-1171.04,Stop Loss
OLAELEC,2025-08-19 09:37:00,2025-08-19 09:37:00,LONG,44.08,43.73,-793.8,Stop Loss
OLAELEC,2025-08-19 09:38:00,2025-08-19 09:39:00,LONG,43.87,43.65,-501.38,Stop Loss
OLAELEC,2025-08-19 09:40:00,2025-08-19 09:40:00,LONG,43.63,43.4,-527.16,Stop Loss
OLAELEC,2025-08-19 09:41:00,2025-08-19 09:44:00,LONG,43.89,43.57,-728.96,Stop Loss
OLAELEC,2025-08-19 09:45:00,2025-08-19 09:46:00,LONG,43.81,43.48,-753.06,Stop Loss
OLAELEC,2025-08-19 09:47:00,2025-08-19 10:06:00,LONG,43.52,43.13,-895.83,Stop Loss
OLAELEC,2025-08-19 10:07:00,2025-08-19 10:23:00,LONG,43.32,44.2,2031.04,Target Hit
OLAELEC,2025-08-19 10:24:00,2025-08-19 11:31:00,LONG,44.24,43.82,-949.2,Stop Loss
OLAELEC,2025-08-19 11:32:00,2025-08-19 11:38:00,LONG,43.86,43.55,-706.49,Stop Loss
OLAELEC,2025-08-19 11:39:00,2025-08-19 11:55:00,LONG,43.7,43.44,-594.88,Stop Loss
OLAELEC,2025-08-19 13:05:00,2025-08-19 13:06:00,LONG,45.28,44.93,-772.8,Stop Loss
OLAELEC,2025-08-19 13:07:00,2025-08-19 13:39:00,LONG,45.09,44.84,-554.25,Stop Loss
OLAELEC,2025-08-19 13:55:00,2025-08-19 14:58:00,LONG,44.84,44.61,-512.9,Stop Loss
VEDL,2025-08-19 09:25:00,2025-08-19 15:29:00,LONG,446.5,449.95,769.35,End of Day
HDFCBANK,2025-08-19 12:25:00,2025-08-19 13:41:00,LONG,2003.2,1992.5,-524.3,Stop Loss
WAAREEENER,2025-08-19 09:25:00,2025-08-19 14:08:00,LONG,3052.0,3035.4,-531.2,Stop Loss
MARUTI,2025-08-19 10:05:00,2025-08-19 10:19:00,LONG,14172.0,14101.0,-497.0,Stop Loss
MARUTI,2025-08-19 10:20:00,2025-08-19 15:29:00,LONG,14124.0,14235.0,777.0,End of Day
ICICIBANK,2025-08-19 09:25:00,2025-08-19 09:55:00,LONG,1438.5,1431.2,-503.7,Stop Loss
ICICIBANK,2025-08-19 12:05:00,2025-08-19 15:29:00,LONG,1435.2,1436.0,55.2,End of Day
M&M,2025-08-19 11:35:00,2025-08-19 13:40:00,LONG,3383.1,3363.8,-559.7,Stop Loss
OLAELEC,2025-08-20 09:25:00,2025-08-20 09:28:00,LONG,48.0,47.49,-1062.33,Stop Loss
OLAELEC,2025-08-20 09:29:00,2025-08-20 09:43:00,LONG,47.5,48.56,2231.3,Target Hit
OLAELEC,2025-08-20 09:44:00,2025-08-20 09:48:00,LONG,48.55,48.3,-514.75,Stop Loss
OLAELEC,2025-08-20 09:49:00,2025-08-20 10:07:00,LONG,48.42,49.7,2643.2,Target Hit
OLAELEC,2025-08-20 10:08:00,2025-08-20 10:13:00,LONG,49.75,51.15,2814.0,Target Hit
OLAELEC,2025-08-20 10:14:00,2025-08-20 10:14:00,LONG,51.12,50.75,-723.72,Stop Loss
OLAELEC,2025-08-20 10:15:00,2025-08-20 10:15:00,LONG,50.88,50.55,-648.45,Stop Loss
OLAELEC,2025-08-20 10:16:00,2025-08-20 10:17:00,LONG,51.24,50.92,-624.32,Stop Loss
OLAELEC,2025-08-20 10:18:00,2025-08-20 10:19:00,LONG,51.08,50.8,-547.96,Stop Loss
OLAELEC,2025-08-20 10:20:00,2025-08-20 10:21:00,LONG,50.87,50.45,-825.3,Stop Loss
OLAELEC,2025-08-20 10:22:00,2025-08-20 10:24:00,LONG,50.75,50.48,-531.9,Stop Loss
OLAELEC,2025-08-20 10:25:00,2025-08-20 10:29:00,LONG,50.45,49.97,-951.36,Stop Loss
OLAELEC,2025-08-20 10:30:00,2025-08-20 11:36:00,LONG,50.15,51.3,2293.1,Target Hit
OLAELEC,2025-08-20 11:37:00,2025-08-20 11:45:00,LONG,51.3,51.04,-506.74,Stop Loss
OLAELEC,2025-08-20 11:46:00,2025-08-20 13:24:00,LONG,51.14,50.75,-762.45,Stop Loss
OLAELEC,2025-08-20 15:05:00,2025-08-20 15:06:00,LONG,53.43,53.02,-767.11,Stop Loss
OLAELEC,2025-08-20 15:07:00,2025-08-20 15:29:00,LONG,53.09,53.04,-94.15,End of Day
BHARTIARTL,2025-08-20 09:25:00,2025-08-20 12:15:00,LONG,1938.1,1928.1,-510.0,Stop Loss
BHARTIARTL,2025-08-20 14:35:00,2025-08-20 15:29:00,LONG,1934.0,1930.0,-204.0,End of Day
HAL,2025-08-20 09:25:00,2025-08-20 10:41:00,LONG,4538.0,4515.0,-506.0,Stop Loss
HAL,2025-08-20 10:42:00,2025-08-20 12:05:00,LONG,4515.5,4490.0,-561.0,Stop Loss
ETERNAL,2025-08-20 09:25:00,2025-08-20 09:29:00,LONG,327.5,325.85,-503.25,Stop Loss
ETERNAL,2025-08-20 09:30:00,2025-08-20 09:31:00,LONG,326.0,324.35,-504.9,Stop Loss
ETERNAL,2025-08-20 09:32:00,2025-08-20 12:27:00,LONG,325.25,328.4,967.05,Trailing Stop
ETERNAL,2025-08-20 12:28:00,2025-08-20 13:00:00,LONG,328.5,326.55,-592.8,Stop Loss
M&M,2025-08-20 10:15:00,2025-08-20 15:29:00,LONG,3376.0,3392.0,464.0,End of Day
DABUR,2025-08-20 09:25:00,2025-08-20 14:23:00,LONG,523.8,534.7,2071.0,Target Hit
DABUR,2025-08-20 14:24:00,2025-08-20 15:29:00,LONG,534.9,533.95,-176.7,End of Day
HCLTECH,2025-08-20 11:43:00,2025-08-20 15:29:00,LONG,1481.5,1496.0,971.5,End of Day
GODFRYPHLP,2025-08-20 09:25:00,2025-08-20 09:31:00,LONG,10245.0,10126.5,-1066.5,Stop Loss
GODFRYPHLP,2025-08-20 09:32:00,2025-08-20 09:59:00,LONG,10248.0,10509.5,2353.5,Target Hit
GODFRYPHLP,2025-08-20 10:00:00,2025-08-20 10:03:00,LONG,10550.0,10495.5,-490.5,Stop Loss
GODFRYPHLP,2025-08-20 10:04:00,2025-08-20 10:21:00,LONG,10529.5,10750.0,1984.5,Target Hit
GODFRYPHLP,2025-08-20 10:22:00,2025-08-20 10:25:00,LONG,10746.5,10692.0,-490.5,Stop Loss
GODFRYPHLP,2025-08-20 10:26:00,2025-08-20 10:40:00,LONG,10700.0,10786.5,778.5,Trailing Stop
GODFRYPHLP,2025-08-20 10:41:00,2025-08-20 10:42:00,LONG,10800.0,10746.0,-486.0,Stop Loss
GODFRYPHLP,2025-08-20 10:43:00,2025-08-20 10:51:00,LONG,10786.0,10845.0,531.0,Trailing Stop
GODFRYPHLP,2025-08-20 10:52:00,2025-08-20 11:16:00,LONG,10870.0,10777.0,-837.0,Stop Loss
GODFRYPHLP,2025-08-20 11:17:00,2025-08-20 11:48:00,LONG,10811.5,10888.5,693.0,Trailing Stop
GODFRYPHLP,2025-08-20 11:49:00,2025-08-20 13:04:00,LONG,10895.0,11118.0,2007.0,Target Hit
GODFRYPHLP,2025-08-20 13:05:00,2025-08-20 13:11:00,LONG,11128.0,11062.0,-528.0,Stop Loss
GODFRYPHLP,2025-08-20 13:12:00,2025-08-20 13:23:00,LONG,11093.0,11342.0,2241.0,Target Hit
GODFRYPHLP,2025-08-20 13:24:00,2025-08-20 13:24:00,LONG,11421.0,11353.5,-540.0,Stop Loss
GODFRYPHLP,2025-08-20 13:25:00,2025-08-20 13:35:00,LONG,11377.5,11305.0,-580.0,Stop Loss
GODFRYPHLP,2025-08-20 13:36:00,2025-08-20 13:36:00,LONG,11317.0,11233.0,-672.0,Stop Loss
GODFRYPHLP,2025-08-20 13:37:00,2025-08-20 13:38:00,LONG,11255.0,11192.0,-504.0,Stop Loss
GODFRYPHLP,2025-08-20 13:39:00,2025-08-20 13:46:00,LONG,11265.0,11207.5,-460.0,Stop Loss
GODFRYPHLP,2025-08-20 13:47:00,2025-08-20 14:04:00,LONG,11230.5,11093.0,-1100.0,Stop Loss
CLEAN,2025-08-21 14:45:00,2025-08-21 14:51:00,LONG,1188.5,1175.0,-1134.0,Stop Loss
OLAELEC,2025-08-21 13:25:00,2025-08-21 13:28:00,LONG,50.37,50.06,-615.35,Stop Loss
OLAELEC,2025-08-21 13:29:00,2025-08-21 13:48:00,LONG,50.15,49.83,-638.08,Stop Loss
SWIGGY,2025-08-21 09:25:00,2025-08-21 09:56:00,LONG,434.45,437.75,759.0,Trailing Stop
SWIGGY,2025-08-21 09:57:00,2025-08-21 09:57:00,LONG,438.8,436.4,-544.8,Stop Loss
SWIGGY,2025-08-21 09:58:00,2025-08-21 10:02:00,LONG,436.95,434.2,-627.0,Stop Loss
SWIGGY,2025-08-21 10:03:00,2025-08-21 10:05:00,LONG,434.9,432.2,-618.3,Stop Loss
SWIGGY,2025-08-21 10:06:00,2025-08-21 10:06:00,LONG,433.0,429.75,-747.5,Stop Loss
SWIGGY,2025-08-21 10:07:00,2025-08-21 12:02:00,LONG,430.7,433.2,580.0,Trailing Stop
SWIGGY,2025-08-21 12:25:00,2025-08-21 12:33:00,LONG,435.75,433.5,-515.25,Stop Loss
SWIGGY,2025-08-21 12:34:00,2025-08-21 12:51:00,LONG,433.8,431.5,-529.0,Stop Loss
SWIGGY,2025-08-21 14:55:00,2025-08-21 15:24:00,LONG,434.95,432.6,-538.15,Stop Loss
GODFRYPHLP,2025-08-21 15:15:00,2025-08-21 15:23:00,LONG,11190.0,11118.0,-576.0,Stop Loss
GODFRYPHLP,2025-08-21 15:24:00,2025-08-21 15:24:00,LONG,11166.5,11067.5,-792.0,Stop Loss
WAAREEENER,2025-08-21 09:25:00,2025-08-21 09:47:00,LONG,3224.0,3295.0,2201.0,Target Hit
WAAREEENER,2025-08-21 09:48:00,2025-08-21 09:50:00,LONG,3299.0,3282.5,-495.0,Stop Loss
WAAREEENER,2025-08-21 09:51:00,2025-08-21 10:07:00,LONG,3283.2,3266.2,-510.0,Stop Loss
WAAREEENER,2025-08-21 10:08:00,2025-08-21 10:20:00,LONG,3268.3,3248.9,-582.0,Stop Loss
WAAREEENER,2025-08-21 10:21:00,2025-08-21 10:50:00,LONG,3259.0,3242.2,-504.0,Stop Loss
WAAREEENER,2025-08-21 10:51:00,2025-08-21 13:03:00,LONG,3249.6,3232.0,-528.0,Stop Loss
TCS,2025-08-21 09:35:00,2025-08-21 15:29:00,LONG,3097.8,3100.0,70.4,End of Day
RELIANCE,2025-08-21 09:25:00,2025-08-21 15:29:00,LONG,1427.5,1424.5,-210.0,End of Day
JWL,2025-08-21 09:25:00,2025-08-21 09:36:00,LONG,359.8,361.7,526.3,Trailing Stop
JWL,2025-08-21 09:37:00,2025-08-21 09:55:00,LONG,363.75,365.95,602.8,Trailing Stop
JWL,2025-08-21 09:56:00,2025-08-21 10:45:00,LONG,367.0,365.1,-516.8,Stop Loss
JWL,2025-08-21 10:46:00,2025-08-21 11:01:00,LONG,366.15,362.7,-941.85,Stop Loss
JWL,2025-08-21 11:02:00,2025-08-21 11:06:00,LONG,363.5,361.5,-550.0,Stop Loss
JWL,2025-08-21 11:07:00,2025-08-21 12:16:00,LONG,362.5,360.6,-522.5,Stop Loss
INFY,2025-08-21 10:15:00,2025-08-21 15:29:00,LONG,1494.9,1495.0,6.6,End of Day
HDFCBANK,2025-08-21 10:25:00,2025-08-21 15:29:00,LONG,1992.2,1990.9,-65.0,End of Day
VEDL,2025-08-22 13:15:00,2025-08-22 15:29:00,LONG,445.8,444.5,-291.2,End of Day
TITAGARH,2025-08-22 09:25:00,2025-08-22 09:33:00,LONG,862.6,856.65,-684.25,Stop Loss
TITAGARH,2025-08-22 09:34:00,2025-08-22 09:46:00,LONG,858.2,853.55,-539.4,Stop Loss
TITAGARH,2025-08-22 13:25:00,2025-08-22 15:29:00,LONG,853.6,857.0,397.8,End of Day
LEMONTREE,2025-08-22 09:25:00,2025-08-22 09:26:00,LONG,169.93,168.79,-670.32,Stop Loss
LEMONTREE,2025-08-22 09:27:00,2025-08-22 09:35:00,LONG,169.04,168.18,-508.26,Stop Loss
LEMONTREE,2025-08-22 09:36:00,2025-08-22 09:44:00,LONG,168.41,167.54,-515.91,Stop Loss
LEMONTREE,2025-08-22 09:45:00,2025-08-22 09:57:00,LONG,167.9,166.91,-589.05,Stop Loss
LEMONTREE,2025-08-22 09:58:00,2025-08-22 11:01:00,LONG,166.98,166.1,-526.24,Stop Loss
LEMONTREE,2025-08-22 11:02:00,2025-08-22 13:58:00,LONG,166.88,170.56,2204.32,Target Hit
LEMONTREE,2025-08-22 13:59:00,2025-08-22 14:02:00,LONG,171.26,170.15,-647.13,Stop Loss
LEMONTREE,2025-08-22 14:03:00,2025-08-22 14:34:00,LONG,170.25,169.37,-516.56,Stop Loss
LEMONTREE,2025-08-22 14:35:00,2025-08-22 15:29:00,LONG,169.5,168.9,-353.4,End of Day
ICICIBANK,2025-08-22 12:15:00,2025-08-22 15:29:00,LONG,1437.8,1435.9,-131.1,End of Day
SWIGGY,2025-08-22 11:35:00,2025-08-22 13:18:00,LONG,433.0,430.75,-517.5,Stop Loss
ETERNAL,2025-08-22 11:55:00,2025-08-22 13:08:00,LONG,323.45,321.8,-509.85,Stop Loss
ETERNAL,2025-08-22 13:15:00,2025-08-22 13:59:00,LONG,322.85,321.2,-509.85,Stop Loss
MAZDOCK,2025-08-25 09:55:00,2025-08-25 10:45:00,LONG,2765.0,2751.1,-500.4,Stop Loss
MAZDOCK,2025-08-25 10:46:00,2025-08-25 15:29:00,LONG,2751.9,2751.1,-28.8,End of Day
YESBANK,2025-08-25 09:25:00,2025-08-25 09:29:00,LONG,19.85,19.74,-554.07,Stop Loss
YESBANK,2025-08-25 09:30:00,2025-08-25 10:05:00,LONG,19.76,19.64,-607.2,Stop Loss
YESBANK,2025-08-25 10:06:00,2025-08-25 12:15:00,LONG,19.64,19.53,-560.01,Stop Loss
INFY,2025-08-25 09:25:00,2025-08-25 14:38:00,LONG,1512.1,1527.2,996.6,Trailing Stop
OLAELEC,2025-08-25 09:55:00,2025-08-25 10:00:00,LONG,49.0,48.63,-754.8,Stop Loss
OLAELEC,2025-08-25 10:01:00,2025-08-25 10:03:00,LONG,48.69,48.39,-615.9,Stop Loss
OLAELEC,2025-08-25 10:04:00,2025-08-25 10:07:00,LONG,48.6,48.31,-596.53,Stop Loss
OLAELEC,2025-08-25 10:08:00,2025-08-25 10:15:00,LONG,48.4,48.06,-702.44,Stop Loss
OLAELEC,2025-08-25 10:35:00,2025-08-25 11:31:00,LONG,48.2,47.94,-539.24,Stop Loss
OLAELEC,2025-08-25 11:55:00,2025-08-25 14:36:00,LONG,48.25,48.77,1077.44,Trailing Stop
TCS,2025-08-25 09:25:00,2025-08-25 15:29:00,LONG,3101.3,3142.1,1305.6,End of Day
WAAREEENER,2025-08-25 13:35:00,2025-08-25 14:31:00,LONG,3130.8,3160.0,905.2,Trailing Stop
WAAREEENER,2025-08-25 14:32:00,2025-08-25 15:19:00,LONG,3162.6,3146.1,-511.5,Stop Loss
WAAREEENER,2025-08-25 15:20:00,2025-08-25 15:29:00,LONG,3149.2,3151.9,83.7,End of Day
DIVISLAB,2025-08-25 09:25:00,2025-08-25 10:07:00,LONG,6239.0,6207.0,-512.0,Stop Loss
DIVISLAB,2025-08-25 10:08:00,2025-08-25 15:29:00,LONG,6215.5,6242.0,424.0,End of Day
ETERNAL,2025-08-25 10:45:00,2025-08-25 14:37:00,LONG,321.5,319.85,-513.15,Stop Loss
BLS,2025-08-26 09:25:00,2025-08-26 09:34:00,LONG,376.45,384.75,2199.5,Target Hit
BLS,2025-08-26 09:35:00,2025-08-26 09:35:00,LONG,385.3,382.0,-854.7,Stop Loss
BLS,2025-08-26 09:36:00,2025-08-26 09:44:00,LONG,382.4,380.0,-626.4,Stop Loss
BLS,2025-08-26 09:45:00,2025-08-26 09:51:00,LONG,380.65,376.45,-1100.4,Stop Loss
BLS,2025-08-26 09:52:00,2025-08-26 10:23:00,LONG,377.25,375.1,-569.75,Stop Loss
BLS,2025-08-26 10:25:00,2025-08-26 15:01:00,LONG,375.8,372.05,-997.5,Stop Loss
ETERNAL,2025-08-26 13:35:00,2025-08-26 14:11:00,LONG,321.0,319.2,-559.8,Stop Loss
WAAREEENER,2025-08-26 09:55:00,2025-08-26 12:05:00,LONG,3173.5,3190.0,511.5,Trailing Stop
WAAREEENER,2025-08-26 12:06:00,2025-08-26 12:17:00,LONG,3192.0,3175.1,-523.9,Stop Loss
WAAREEENER,2025-08-26 15:05:00,2025-08-26 15:10:00,LONG,3219.8,3288.0,2114.2,Target Hit
WAAREEENER,2025-08-26 15:11:00,2025-08-26 15:13:00,LONG,3299.0,3264.5,-1035.0,Stop Loss
WAAREEENER,2025-08-26 15:14:00,2025-08-26 15:20:00,LONG,3295.0,3276.7,-549.0,Stop Loss
WAAREEENER,2025-08-26 15:21:00,2025-08-26 15:29:00,LONG,3284.0,3321.0,1110.0,End of Day
VMM,2025-08-26 09:25:00,2025-08-26 11:12:00,LONG,150.4,149.26,-756.96,Stop Loss
VMM,2025-08-26 11:13:00,2025-08-26 11:19:00,LONG,149.34,148.37,-648.93,Stop Loss
VMM,2025-08-26 14:25:00,2025-08-26 15:05:00,LONG,149.32,153.01,2468.61,Target Hit
VMM,2025-08-26 15:06:00,2025-08-26 15:17:00,LONG,154.74,151.26,-2248.08,Stop Loss
VMM,2025-08-26 15:18:00,2025-08-26 15:19:00,LONG,152.2,149.84,-1550.52,Stop Loss
VMM,2025-08-26 15:20:00,2025-08-26 15:26:00,LONG,151.26,150.42,-555.24,Stop Loss
VMM,2025-08-26 15:27:00,2025-08-26 15:29:00,LONG,150.42,151.2,517.92,End of Day
SWIGGY,2025-08-26 10:55:00,2025-08-26 11:08:00,LONG,429.0,426.8,-512.6,Stop Loss
SWIGGY,2025-08-26 11:09:00,2025-08-26 11:12:00,LONG,426.8,423.95,-666.9,Stop Loss
SWIGGY,2025-08-26 11:13:00,2025-08-26 11:48:00,LONG,423.95,421.25,-634.5,Stop Loss
SWIGGY,2025-08-26 14:25:00,2025-08-26 15:05:00,LONG,422.75,432.1,2206.6,Target Hit
SWIGGY,2025-08-26 15:06:00,2025-08-26 15:15:00,LONG,433.25,430.4,-655.5,Stop Loss
SWIGGY,2025-08-26 15:16:00,2025-08-26 15:17:00,LONG,431.05,428.3,-635.25,Stop Loss
SWIGGY,2025-08-26 15:18:00,2025-08-26 15:19:00,LONG,428.3,425.1,-745.6,Stop Loss
SWIGGY,2025-08-26 15:20:00,2025-08-26 15:29:00,LONG,425.1,428.6,822.5,End of Day
WAAREEENER,2025-08-28 09:25:00,2025-08-28 10:03:00,LONG,3309.0,3377.7,2061.0,Target Hit
WAAREEENER,2025-08-28 10:04:00,2025-08-28 10:07:00,LONG,3389.0,3371.1,-519.1,Stop Loss
WAAREEENER,2025-08-28 10:08:00,2025-08-28 10:12:00,LONG,3374.6,3357.5,-495.9,Stop Loss
WAAREEENER,2025-08-28 10:13:00,2025-08-28 11:27:00,LONG,3358.0,3340.0,-522.0,Stop Loss
WAAREEENER,2025-08-28 13:45:00,2025-08-28 14:56:00,LONG,3385.0,3408.8,690.2,Trailing Stop
WAAREEENER,2025-08-28 14:57:00,2025-08-28 15:23:00,LONG,3414.9,3394.3,-597.4,Stop Loss
WAAREEENER,2025-08-28 15:24:00,2025-08-28 15:24:00,LONG,3406.9,3385.0,-635.1,Stop Loss
OLAELEC,2025-08-28 09:25:00,2025-08-28 09:49:00,LONG,51.7,52.25,1063.7,Trailing Stop
OLAELEC,2025-08-28 09:50:00,2025-08-28 09:57:00,LONG,52.34,52.06,-534.8,Stop Loss
OLAELEC,2025-08-28 09:58:00,2025-08-28 10:39:00,LONG,52.07,53.12,2016.0,Target Hit
OLAELEC,2025-08-28 10:40:00,2025-08-28 10:56:00,LONG,53.44,54.51,2001.97,Target Hit
OLAELEC,2025-08-28 10:57:00,2025-08-28 11:06:00,LONG,54.54,54.92,696.54,Trailing Stop
OLAELEC,2025-08-28 11:07:00,2025-08-28 11:12:00,LONG,55.23,54.83,-724.0,Stop Loss
OLAELEC,2025-08-28 11:13:00,2025-08-28 12:00:00,LONG,55.09,54.62,-853.05,Stop Loss
OLAELEC,2025-08-28 12:01:00,2025-08-28 12:03:00,LONG,54.76,54.41,-639.1,Stop Loss
OLAELEC,2025-08-28 12:04:00,2025-08-28 12:53:00,LONG,54.55,55.88,2437.89,Target Hit
OLAELEC,2025-08-28 12:54:00,2025-08-28 12:57:00,LONG,56.0,55.7,-535.5,Stop Loss
OLAELEC,2025-08-28 12:58:00,2025-08-28 13:00:00,LONG,55.85,55.51,-608.6,Stop Loss
OLAELEC,2025-08-28 13:01:00,2025-08-28 13:04:00,LONG,55.55,55.13,-756.0,Stop Loss
OLAELEC,2025-08-28 13:05:00,2025-08-28 14:04:00,LONG,55.22,55.74,941.2,Trailing Stop
OLAELEC,2025-08-28 14:05:00,2025-08-28 14:41:00,LONG,55.75,55.25,-896.5,Stop Loss
OLAELEC,2025-08-28 14:42:00,2025-08-28 14:49:00,LONG,55.45,54.95,-901.5,Stop Loss
OLAELEC,2025-08-28 14:50:00,2025-08-28 14:52:00,LONG,55.18,54.69,-887.88,Stop Loss
OLAELEC,2025-08-28 14:53:00,2025-08-28 14:55:00,LONG,54.94,54.59,-637.0,Stop Loss
HEROMOTOCO,2025-08-28 09:25:00,2025-08-28 13:37:00,LONG,5151.6,5123.7,-530.1,Stop Loss
